藥代,健保碼,藥名,藥品成分,健保價,備註
COVAZ,COVID19AZ,AZ COVID-19 Vaccine AstraZenec,COVID-19 Vaccine AstraZeneca,-97.0,疾管署
COVBN3,COVID19PBNT,Pfizer-BioNTech COVID-19 Vacci,Pfizer-BioNTech COVID-19 Vaccine,-97.0,
COVBN4,COVID19PBNT,Pfizer-BioNTech COVID-19 Vacci,Pfizer-BioNTech COVID-19 Vaccine,-97.0,
COVBN5,COVID19PBNT,Pfizer-BioNTech COVID-19 Vacci,Pfizer-BioNTech COVID-19 Vaccine,-97.0,
COVBN6,COVID19PBNT,Pfizer-BioNTech COVID-19 Vacci,Pfizer-BioNTech COVID-19 Vaccine,-97.0,
COVBNB,COVID19PBNT,Pfizer-BioNTech COVID-19 Vacci,Pfizer-BioNTech COVID-19 Vaccine,-97.0,
COVBNC,COVID19PBNT,Pfizer-BioNTech COVID-19 Vacci,Pfizer-BioNTech COVID-19 Vaccine,-97.0,
COVBNT,COVID19PBNT,Pfizer-BioNTech COVID-19 Vacci,Pfizer-BioNTech COVID-19 Vaccine,-97.0,疾管署
COVMB,COVID19ModS,Moderna(Spikevax)雙價BA1 COVID-19雙價疫苗,Spikevax 雙價疫苗(原病毒株/ Omicron 變異株),-97.0,
COVMB3,COVID19ModS,Moderna(Spikevax)雙價BA1 COVID-19雙價BA1疫苗,Spikevax 雙價疫苗(原病毒株/ Omicron 變異株),-97.0,
COVMB4,COVID19ModS,Moderna(Spikevax)雙價BA1 COVID-19雙價BA1疫苗,Spikevax 雙價疫苗(原病毒株/ Omicron 變異株),-97.0,
COVMB5,COVID19ModS,Moderna(Spikevax)雙價BA1 COVID-19雙價BA1疫苗,Spikevax 雙價疫苗(原病毒株/ Omicron 變異株),-97.0,
COVMD,COVID19Mod,Moderns COVID-19 Vaccine,0,-97.0,疾管署
COVMD3,COVID19Mod,Moderns COVID-19 Vaccine,0,-97.0,
COVMD4,COVID19Mod,Moderns COVID-19 Vaccine,0,-97.0,
COVMD5,COVID19Mod,Moderns COVID-19 Vaccine,0,-97.0,
COVMDB,COVID19Mod,Moderns COVID-19 Vaccine,0,-97.0,
COVMDC,COVID19Mod,Moderns COVID-19 Vaccine,0,-97.0,
COVMV3,COVID19MVC,MVC COVID-19 Vaccine,0,-97.0,
COVMVC,COVID19MVC,MVC COVID-19 Vaccine,0,-97.0,
COVNX,COVID19NVX,Nuvaxovid(NovavaxCOVID-19 疫苗),0,-97.0,
COVNX3,COVID19NVX,Nuvaxovid(NovavaxCOVID-19 疫苗),0,-97.0,
COVNX4,COVID19NVX,Nuvaxovid(NovavaxCOVID-19 疫苗),0,-97.0,
COVNX5,COVID19NVX,Nuvaxovid(NovavaxCOVID-19 疫苗),0,-97.0,
COVNX6,COVID19NVX,Nuvaxovid(NovavaxCOVID-19 疫苗),0,-97.0,
FOC0,X000091221,FOCETRIA SUSPENSION FOR INJECT,FOCETRIA SUSPENSION FOR INJECTION IN MULTIDOSE CONTAINER 5ML,-97.0,諾華
HPCP19,HPCP-COVID19,家用核酸檢測陽性。,0,-97.0,
HSTP19,HSTP-COVID19,居家自行快篩陽。,0,-97.0,
NND000,NND000,COVID-19確診個案居家照護。,COVID-19確診居家照護,-97.0,
PHTC19,PhT-COVID19,電話問診,0,-97.0,
R001,R001,"因處方箋遺失 逾期或毀損,提供切",0,-97.0,
R002,R002,"醫師請假,提前回診,提供切結文件",0,-97.0,
R003,R003,"提前回診,經醫師認定需要改藥或 ",0,-97.0,
R004,R004,非屬R001-R003之提前回診取取藥,0,-97.0,
R005,R005,民眾健保卡加密或其他問題致無法,0,-97.0,
R006,R006,配合分級醫療政策，由醫院轉診至,0,-97.0,
R007,R007,藥品回收時重新開立處方箋。,0,-97.0,
R008,R008,雲端或API提示重複用藥，但病人,0,-97.0,
RFSTP,RFSTPCOVID19,重複感染快篩陽性。,0,-97.0,
RHPCP,RHPCPCOVID19,重複感染家用PCR陽性。,0,-97.0,
RHSTP,RHSTPCOVID19,重複感染居家自行快篩陽性。,0,-97.0,
RPCRP,RPCRPCOVID19,重複感染核酸檢測陽性。,0,-97.0,
VAX4K,J000138206,AdimFlu-S(QIS)補助,AdimFlu-S (QIS),-97.0,國光
VAX4S,K001036206,VAXIGRIP TETRA補助,VAXIGRIP TETRA,-97.0,賽諾菲
VAX4SF,X000209206,Flublok QUAD 四價補助,Flublok Quadrivalent,-97.0,
VAX4T,K001126206,FLUCELVAX QUAD補助 輔流威適,FLUCELVAX QUAD,-97.0,東洋
VAXK1,J000113265,AdimFlu-流感幼兒(1),AdimFlu-S,-97.0,
VAXK2,J000113265,AdimFlu-流感幼兒(2),AdimFlu-S,-97.0,
VITC19,ViT-COVID19,視訊問診,0,-97.0,
AC,,飯前吃,0,-98.0,
BET,A032419329,Betaderm cream,BETAMETHASONE (17-VALERATE),-98.0,杏輝
BIF,AC42339321,Bifonazole Cream,BIFONAZOLE,-98.0,
BU,AB19505209,Buscopan inj,SCOPOLAMINE BROMOBUTYLATE,-98.0,
CC3,NCS01A1003ZZ,3cc空針,2-3CC,-98.0,
CEFA,AC17712209,CEFAZOLIN INJ.(SODIUM),CEFAZOLIN (SODIUM),-98.0,中國化學製藥股份有限公司新豐工
CET,,Cetrorelix 0.25mg,0,-98.0,
COVMF,COVID19MS45,Moderna BA4/BA5(Spikevax) COVID-19雙價疫苗,0,-98.0,
COVMF3,COVID19MS45,Moderna BA4/BA5(Spikevax) COVID-19雙價疫苗,0,-98.0,
COVMF4,COVID19MS45,Moderna BA4/BA5(Spikevax) COVID-19雙價疫苗,0,-98.0,
COVMF5,COVID19MS45,Moderna BA4/BA5(Spikevax) COVID-19雙價疫苗,0,-98.0,
COVMF6,COVID19MS45,Moderna BA4/BA5(Spikevax) COVID-19雙價疫苗,0,-98.0,
COVMFC,COVID19MS45,Moderna BA4/BA5(Spikevax) COVID-19雙價疫苗,0,-98.0,
D11,,DPM 睡前加倍,0,-98.0,
DALT,BC19376221,"""FRAGMIN 5",DALTEPARIN SODIUM,-98.0,VETTER PHARMA-FERTIGUNG GMBH &
DAR0,K000882209,NESP INJECTION SYRINGE 20 MCG,DARBEPOETIN ALFA,-98.0,TAIYO PHARMACEUTICAL INDUSTRY
DEC,AC03881209,Dexan injection 5MG,DEXAMETHASONE SODIUM PHOSPHATE,-98.0,
DIC,AB28576216,Voron injection,DICLOFENAC SODIUM,-98.0,
DIP0,X000157206,Diphtheria and TetanusToxoids,Diphtheria and TetanusToxoids Adsorbed,-98.0,賽諾菲
EN,,Enema,0,-98.0,
ENB,K000713240,ENBREL (ETANERCEPT) 25MG,ETANERCEPT,-98.0,BOEHRINGER INGELHEIM PHARMA GM
ESP,,ESPLINE A&B-N快篩,0,-98.0,
FRAG,,Fragmin 2500iu/0.2ml,0,-98.0,
FRAG5,BC19376221,FRAGMIN 5 25000 IU/ML,DALTEPARIN SODIUM,-98.0,VETTER PHARMA-FERTIGUNG GMBH &
GAR91,,GARDASIL9 嘉喜 (1),0,-98.0,
GAR92,,GARDASIL9 嘉喜 (2),0,-98.0,
GAR93,,GARDASIL9 嘉喜 (3),0,-98.0,
GCSF,,GCSF 250MG白血球生長素,0,-98.0,
GLY,,Glycerin (耳用甘油),0,-98.0,
HAV1,,A型肝炎第一劑,0,-98.0,
HAV2,,A型肝炎第二劑,0,-98.0,
HAV3,,A型肝炎第三劑,0,-98.0,
HBV1,,B型肝炎第一劑,0,-98.0,
HBV2,,B型肝炎第二劑,0,-98.0,
HBV3,,B型肝炎第三劑,0,-98.0,
HBV4,,B型肝炎第四劑,0,-98.0,
K,AC09067212,Kason injection,DEXTROMETHORPHAN (HBR),-98.0,
KO,A042412209,Ketorolac inj,KETOROLAC TROMETHAMINE,-98.0,
LEN1,KC00756265,GRANOCYTE INJ. 250 MCG,LENOGRASTIM(GENETICAL RECOMBINATION),-98.0,UKINA PLANT OF CHUGAI PHARMA M
LEU0,BC194932AA,LEUPLIN DEPOT 3.75MG S.C. INJE,LEUPRORELIN ACETATE,-98.0,TAKEDA
LEUP,B0194932AA,LEUPLIN DEPOT 3.75MG S.C. INJE,LEUPRORELIN ACETATE,-98.0,
MEN,,Menopur,0,-98.0,
MO,AC22867421,Mycomb Otic Drop,TRIAMCINOLONE ACETONIDE,-98.0,
NEO1,A006611399,NEOMYCIN OINT,NEOMYCIN (SULFATE),-98.0,
NOV,A010928209,Novamine inj.,DIPHENHYDRAMINE HCL,-98.0,
PEG0,KC00789277,PEGASYS PREFILLED SYRINGES 180,PEGINTERFERON-ALFA-2A,-98.0,F.HOFFMANN-LA ROCHE LTD.
PEO,AC08913209,Petho Injection,PIPERILATE （=PIPETHANATE）ETHOBROMIDE,-98.0,
PRI,AB03552212,Primperan inj,METOCLOPRAMIDE (HCL MONOHYDRATE RESINATE),-98.0,
PROG,A002657240,PROGESTERONE INJECTION 2.5%,PROGESTERONE,-98.0,安星製藥股份有限公司
PUR0,,Puregon 300 Unit/vial,0,-98.0,GREEN CROSS CORPORATION
Q,,甜一點,0,-98.0,
ROTA1,,Rotarix(1)輪狀病毒口服疫苗,0,-98.0,
ROTA2,,Rotarix(2)輪狀病毒口服疫苗,0,-98.0,
SP,,Sugar Powder,0,-98.0,
SS,N001073500,Children's sentin,0,-98.0,永信
SU,,Sugar Water,0,-98.0,
V,,棉花棒,0,-98.0,
VAR1,,Varilrix第一劑,0,-98.0,
VAR2,,Varilrix第二劑,0,-98.0,
VS,AB28656500,Voren(12.5)Supp,DICLOFENAC SODIUM,-98.0,永信
W,,斟酌情況吃藥,0,-98.0,
X,,"1天3次(早上,傍晚,睡前)",0,-98.0,
Z,,早晚服用,0,-98.0,
ZOSTA,,Zostavax 帶狀疱疹疫苗,0,-98.0,
ZOSTS,,Shingrix Herpes Zoster Vaccine,0,-98.0,
13PCV,K000906206,13PCV 沛兒肺炎鏈球菌十三價結合,0,0.0,惠氏
4IN1S,X000154206,四合一疫苗(Tetraxim),0,0.0,賽諾菲
5IN1B,K000821206,"""巴斯德""五合一 PediacelTM",0,0.0,賽諾菲
5IN1G,K000702206,嬰護寧五合一疫苗(白喉\破傷風\無細胞性百日咳\去活性小兒麻痹\b,0,0.0,葛蘭素
5IN1S,X000153206,五合一疫苗(Pentaxim),0,0.0,賽諾菲
AZ,N002722151,Azohel(GLYCERINUM IODI COMP),IODINE,0.0,應元化學製藥股份有限公司
BO,N000055100,Bonamin Tab,MECLIZINE HCL,0.0,
FIL2,B019438280,FILGRASTIN inj.150UG/0.6ML,FILGRASTIM,0.0,"KIRIN PHARMA COMPANY, LIMITED,"
FLU2,AB41519100,"FLUPINE TAB 0.25MG ""JOHNSO",FLUDIAZEPAM,0.0,強生化學製藥廠股份有限公司
HAVG,K000456206,"A肝(新赫寶克0.5ml,GSK)",0,0.0,葛蘭素
HBVG,K000301206,安在時Ｂ型肝炎疫苗0.5ml,安在時Ｂ型肝炎疫苗0.5ml,0.0,葛蘭素
HBVG1,K000301209,安在時Ｂ型肝炎疫苗1ml,安在時Ｂ型肝炎疫苗1ml,0.0,葛蘭素
HBVM,K000351206,H-B-VAX II INJECTION 0.5ml,默克無汞基因重組Ｂ型肝炎疫苗0.5ml,0.0,
HCG,B013058216,HCG 3000 Unit,GONADOTROPIN CHORIONIC,0.0,FUJI PHARMACEUTICAL CO. LTD
HPV2G,,HPV2價-保蓓Cervarix,0,0.0,
IND4,A010207100,INDOMETHACIN 25MG,INDOMETHACIN (eq to Indometacin),0.0,華興化學製藥廠股份有限公司
JES,K000967206,JE-CV 巴斯德細胞型日本腦炎活性,巴斯德細胞型日本腦炎活性減毒疫苗,0.0,賽諾菲
KET1,BC23793420,ZADITEN 0.24MG/ML EYE DROPS,KETOTIFEN; 5ml,0.0,
MET2,B025635100,GLUCOPHAGE FILM-COATED TABLETS,METFORMIN HCL,0.0,MERCK SANTE S.A.S
MMRG,K000510206,MMR (GSK) 派立克,派立克,0.0,葛蘭素
MMRM,K000364206,MMR (MSD) 麻疹、腮腺炎及德國,麻疹、腮腺炎及德國麻疹三種混合疫苗注射劑,0.0,默沙東
NESP,KC00956206,NESP Injection Plastic Syringe,DARBEPOETIN ALFA,0.0,KOFU FACTORY OF TERUMO CORPORA
OXE0,A031348100,ULSTAL TABLETS,OXETHAZAINE,0.0,杏輝藥品工業股份有限公司
TAM,B023253100,TAMIFLU CAP 75MG,OSELTAMIVIR (PHOSPHATE),0.0,F.HOFFMANN－LA ROCHE LTD.
VAL3,BC24823100,EXFORGE FILM-COATED TAB 10/160,VALSARTAN,0.0,NOVARTIS FARMACEUTICA S.A.
VARG,K000450206,VAR (GSK) 美瑞克,美瑞克,0.0,葛蘭素
VARM,K000480206,VAR (MSD) 伏痘敏　活性水痘疫苗,伏痘敏　活性水痘疫苗,0.0,默沙東
XCOV1,XCOVID0001,PAXLOVID PF-07321332 150+RITONAVIR,PAXLOVID,0.0,
XCOV2,XCOVID0002,MOLNUPIRAVIR 200MG,MOLNUPIRA VIR,0.0,
ZAN0,B023336155,Zanamivir 5mg 瑞樂沙,Zanamivir 5mg,0.0,
MAG0,A013382100,MAGNESIUM OXIDE TABLETS,MAGNESIUM OXIDE,0.16,榮民製藥股份有限公司
MGO,A023521100,Mgo 250MG,MAGNESIUM OXIDE,0.16,景德
D2,A039688100,Dimetane 4mg,BROMPHENIRAMINE MALEATE,0.23,
NIU,N009643100,NIULACKMIN TAB 300MG,LACTOBACILLI,0.23,
BRO2,A008192100,BROMOCIX TABLETS,BROMHEXINE HCL,0.26,衛肯生技製藥股份有限公司
S,A032849100,Soothing(Strocain) 5MG,OXETHAZAINE,0.29,
DEX1,A027040100,"DEX-CTM TAB 2MG ""S.Y.""",DEXCHLORPHENIRAMINE MALEATE,0.3,健喬信元醫藥生技股份有限公司
DIM0,A000415100,"GASMIN TAB 40MG ""DIMETHICO",DIMETHICONE (=DIMETHYLPOLYSILOXANE=POLYMETHYL SILOXANE),0.3,福元化學製藥股份有限公司
ACEA,A032320100,"ACETAL TABLET 500MG (ACETAMINOPHEN) ""PURZER"" ",ACETAMINOPHEN (=PARACETAMOL),0.35,瑞安
GA,A008355100,Gascon 40MG,DIMETHICONE (=DIMETHYLPOLYSILOXANE=POLYMETHYL SILOXANE),0.35,井田
KASC,A029828100,KASCOAL TAB 40MG (DIMETHYL,DIMETHICONE (=DIMETHYLPOLYSILOXANE=POLYMETHYL SILOXANE),0.35,永信藥品工業股份有限公司台中幼
L,A033532100,"ANPIRIN TABLETS ""SINPHAR""",PSEUDOEPHEDRINE HCL,0.45,永信
DEX4,A000173100,FUDECOUGH TAB 15MG  (MEDICON),Dextromethorphan HBr,0.47,福元化學製藥股份有限公司
MEC0,N004781100,MECLIZINE TAB 25MG,MECLIZINE HCL,0.47,福元化學製藥股份有限公司
BIOT,A012876100,Biotase TAB 30MG,DIASTASE BIO-,0.57,
PAI,A024055100,PAIN RELIEF F.C. TABLETS 200mg,IBUPROFEN,0.72,衛肯生技製藥股份有限公司
TIP0,A034558100,"BROSOU TAB 20MG (TIPEPIDINE) ""CHINTENG""",TIPEPIDINE HIBENZATE,0.72,井田製藥工業股份有限公司
TEN,N000338100,Tensolax 100mg,CHLORMEZANONE,0.73,
A,A008907100,Asverin 20mg,TIPEPIDINE HIBENZATE,0.77,井田
SEN3,B018797100,SENOKOT TAB 7.5mg,Sennoside A+B,0.81,RECKITT BENCKISER HEALTHCARE (
N,A032001100,Noscapine 20mg,NOSCAPINE,0.83,井田
PSE1,A041213100,KEZINTEA 60mg TAB.,PSEUDOEPHEDRINE HCL,0.89,
NOS1,AC46403100,SINCAPIN TABLETS 20MG,NOSCAPINE 20MG,0.94,
SEN1,A037697100,THROUGH F.C. TAB 12mg,SENNOSIDE A+B 12MG (CALCIUM),0.98,中美兄弟製藥股份有限公司
SEN2,A043488100,SENNAPUR TAB 12.5mg,SENNOSIDE A+B 12.5MG,0.99,歐帕生技醫藥股份有限公司
N1,AC38983100,NOSCAPINE 20MG,NOSCAPINE,1.02,井田國際醫藥廠股份有限公司
AM,AC12051100,AMOXIL 250mg,AMOXYCILLIN (TRIHYDRATE),1.5,
ASM,AC45733100,ASMATIN TAB 2.5MG(FENOTEROL),FENOTEROL HBR,1.5,杏輝藥品工業股份有限公司
ASP1,AC37344100,BOKEY ENTERIC-MICROENCAP 100MG,ASPIRIN,1.5,永信藥品工業股份有限公司台中幼
AX,AC24132100,Amoxil 500mg,AMOXYCILLIN (TRIHYDRATE),1.5,
BACL,AC37141100,BEFON TAB 5MG (BACLOFEN),BACLOFEN,1.5,美時化學製藥股份有限公司南投廠
BEN,AC10248100,COOCHIL TAB 10MG,DICYCLOMINE HCL,1.5,
BIS,NC16652100,Bismuth,BISMUTH SUBCARBONATE,1.5,井田
BL,AC43473100,Broncolin 50MG,GUAIACOL GLYCERYL ETHER (=GUAIFENESIN),1.5,生達
BO1,NC00055100,Bonamin Tab 12.5MG,MECLIZINE HCL,1.5,
BRO3,AC19987100,"BROAIN S.C. TAB (BROMELAIN) ""CHIN TENG"" ",BROMELAIN,1.5,井田國際醫藥廠股份有限公司
BUS,AC21614100,Buscopan 10MG,SCOPOLAMINE BROMOBUTYLATE,1.5,
CEP,AC06747100,CEPHALEXIN CAP 250MG,CEPHALEXIN,1.5,信東生技股份有限公司觀音廠
CLED,AC33960100,CLEDOMYCIN CAP 150MG,CLINDAMYCIN (HCL HYDRATE),1.5,安星製藥股份有限公司
COLI,AC22534100,COLICINE TAB 0.5MG,COLCHICINE,1.5,衛肯生技製藥股份有限公司
COY,AC40685100,"""COYENPIN E.C.TABLETS 50MG (DICLOFENAC SODIUM) """,DICLOFENAC SODIUM,1.5,羅得化學製藥股份有限公司
CYP1,AC40791100,CYPROH TAB 4MG,CYPROHEPTADINE 4MG  HCL,1.5,
DES,AC03534100,DESON TAB 0.5MG,DEXAMETHASONE,1.5,衛肯生技製藥股份有限公司
DIC3,A040685100,COYENPIN E.C.TAB 50MG (DICLOFE,Diclofenac Sodium 50mg,1.5,羅得化學製藥股份有限公司
DIC4,AC16972100,SWITYL TABLETS,DICYCLOMINE HCL,1.5,
DICL,AC21213100,DICLOXACILLIN 250MG,DICLOXACILLIN (SODIUM),1.5,景德製藥股份有限公司土城工廠
DIL1,AC10358100,HERBESSER TAB 30mg,DILTIAZEM (HCL),1.5,台灣田邊製藥股份有限公司新竹廠
DOX0,AC11224100,"DOXYNIN CAP 100MG ""SWISS",DOXYCYCLINE (HCL),1.5,瑞士藥廠股份有限公司新市廠
FOL1,NC07547100,FOLIC ACID TAB 5MG,FOLIC ACID,1.5,人人化學製藥股份有限公司中壢廠
IBU1,AC22223100,YONFUPHARM IBUPROFEN TAB 400mg,IBUPROFEN,1.5,優良化學製藥股份有限公司
IM,AC39595100,"SANPO CAPSULES 2MG (LOPERAMIDE) ""CHINTENG""      ",LOPERAMIDE HCL,1.5,腹瀉 副作用:潰瘍性大腸炎者慎重服用
IND0,AC10207100,INDECIN CAP 25MG,INDOMETHACIN,1.5,華興化學製藥廠股份有限公司
IPUF,AC33961100,IPUFEN F.C. TAB 400MG,IBUPROFEN,1.5,井田國際醫藥廠股份有限公司
KET4,AC32969100,"DEANTRAN TAB 1MG ""R.T.""                                                                         ",KETOTIFEN (FUMARATE),1.5,
L1,AC41030100,SUBILIN,PSEUDOEPHEDRINE HCL,1.5,
LEV1,BC25533100,ELTROXIN TAB 50 MCG,LEVOTHYROXINE SODIUM,1.5,Aspen Bad Oldesloe GmbH
LEV4,BC24708100,Eltroxin Tab 100mcg 〝Germany〞,LEVOTHYROXINE SODIUM,1.5,Aspen Bad Oldesloe GmbH
LEV5,AC48191100,LEVOTHYROXINE SODIUM,LEVOTHYROXINE SODIUM,1.5,強生化學製藥廠股份有限公司
LOR1,AC19247100,管4-LORAZEPAM,LORAZEPAM,1.5,永信藥品工業股份有限公司台中幼
LOR2,AC42626100,FINSKA TAB 10MG,LORATADINE,1.5,中國化學製藥股份有限公司新豐工
LU,NC01736100,管4-Luminal(PHENOBARBITAL TAB),PHENOBARBITAL,1.5,
LYS1,AC26007100,NOFLAGMA TABLETS 90MG,LYSOZYME (CHLORIDE),1.5,永信藥品工業股份有限公司台中幼
LYS2,AC25279100,SUPERZYME TAB 90MG,LYSOZYME (CHLORIDE),1.5,躍欣生技醫藥股份有限公司
MEDN,AC42017100,NONCOUGH CAP.20MG,"Dextromethorphan HBr 20mg
Potassium Cresolsulfonate 90mg
Lysozyme HCl 20mg",1.5,榮民製藥股份有限公司
MET1,AC47086100,ANKOMIN F.C. TABLETS 500MG,METFORMIN HCL,1.5,優良化學製藥股份有限公司
MET5,AC50182100,"METHIMAZOLE TAB 5MG ""JOHNS",METHIMAZOLE,1.5,強生化學製藥廠股份有限公司
METC,AB03318100,PROMERAN F.C. TABLETS 3.84MG,METOCLOPRAMIDE ( HCL H2O),1.5,生達化學製藥股份有限公司二廠
MOR,AC24964100,MORCASIN TAB 80MG,TRIMETHOPRIM,1.5,杏輝藥品工業股份有限公司
NAP,AC15387100,NAPROXEN 250MG,Naproxen 250mg,1.5,中國化學製藥股份有限公司新豐工
P,NC02531100,Prednisolone,PREDNISOLONE,1.5,
PEN4,AC27011100,"THRONE ENTERIC SUGAR COATED TABLETS 100MG ""YUNG SHIN""",PENTOXIFYLLINE,1.5,
PEP,AC23606100,Peptidin Tab 2mg,HOMATROPINE METHYLBROMIDE,1.5,
PHE0,AC26175100,URODINE F.C. TAB 100MG,PHENAZOPYRIDINE HCL,1.5,大豐製藥股份有限公司
PON,AC19419100,Ponstan 250mg,MEFENAMIC ACID,1.5,杏輝
POT,AB38685100,POTARLON TAB 500MG (MEFENAMIC ACID),Mefenamic Acid,1.5,永信藥品工業股份有限公司台中幼
POT0,AC21758100,MEDICON-A CAP 90mg,POTASSIUM CRESOLSULFONATE,1.5,臺灣東洋藥品工業股份有限公司六
PRO,NC01580100,PROPHYLLINE TAB 100MG,DYPHYLLINE(=DIHYDROXYPROPYL-THEOPHYLLINE),1.5,臺灣東洋藥品工業股份有限公司六
PRO0,AC20871100,PROPRA TAB 10MG 心保樂,PROPRANOLOL HCL,1.5,皇佳化學製藥股份有限公司
PRO3,AB23037100,CARDOLOL TAB 10MG,PROPRANOLOL HCL,1.5,榮民製藥股份有限公司
PROP,AB09102100,PROPRANOLOL TAB 10MG (心律),Propranolol,1.5,生達化學製藥股份有限公司
SAB,AC16962100,"SABUTAL TAB 4MG(SALBUTAMOL) ""SWISS""",SALBUTAMOL (SULFATE),1.5,瑞士藥廠股份有限公司新市廠
SO,AB25402100,Solaxin Tab. 200mg,CHLORZOXAZONE,1.5,生達化學製藥股份有限公司二廠
SPI1,AC22908100,SPIRONOLACTONE TAB 25mg,SPIRONOLACTONE,1.5,十全實業股份有限公司
SPI2,AC41545100,ALDACTIN TAB 25mg,Spironolactone,1.5,安星製藥股份有限公司
SUMA,AC48630100,SUMAKIN CAP 150mg,CHLORZOXAZONE、ACETAMINOPHEN,1.5,瑞士藥廠股份有限公司新市廠
TETRA,AC10192100,TETRACYCLINE (HCL)250mg,TETRACYCLINE (HCL),1.5,溫士頓醫藥股份有限公司
TIG,AC22444100,TIGAWET TAB 200mg,CIMETIDINE,1.5,衛肯生技製藥股份有限公司
TRI2,AC39597100,"SWITANE TAB 2MG """,TRIHEXYPHENIDYL HCL (=BENZHEXOL HYDROCHLORIDE),1.5,瑞士藥廠股份有限公司新市廠
URO,NC01783100,"UROGEN F.C. TAB 50MG ""JOHNSON""",PHENAZOPYRIDINE HCL,1.5,強生化學製藥廠股份有限公司
UROP,NC00102100,UROPRIN COATED TAB 100MG,PHENAZOPYRIDINE HCL,1.5,永信藥品工業股份有限公司台中幼
V2,AC22207100,Voren (25),DICLOFENAC SODIUM,1.5,永信
VEN,BC17536100,Ventolin Tab 2MG,SALBUTAMOL (SULFATE),1.5,葛蘭素
VER,AC11644100,Vermox (CONQUER TAB  ),MEBENDAZOLE,1.5,
ZIN0,AC22960100,ZINGA TABLETS (ZINC GLUCONATE),ZINC (GLUCONATE TRIHYDRATE),1.5,寶齡富錦生技股份有限公司平鎮廠
METR,AC04249100,METRONIDAZOLE 250MG,Metronidazole,1.52,瑞士藥廠股份有限公司新市廠
SE,AC29476100,管4-LUTIN R CAPSULES 10MG (OXA,OXAZOLAM,1.52,
CAR5,AC184441G0,"CABIDRIN FILM COATED TAB ""JOHNSON""(鋁箔/膠箔)",CARBINOXAMINE MALEATE,1.54,強生化學製藥廠股份有限公司
ISO3,AC31168100,"ISORMOL TABLET 20MG (ISOSORBIDE) ""TAIWAN TUNG YANG""",ISOSORBIDE 5-MONONITRTATE,1.54,臺灣東洋藥品工業股份有限公司中
OXY1,AC38056100,"Blasec Tablets 2.5mg ""MACRO"" (Oxybutynin)                                                       ",OXYBUTYNIN CHLORIDE (=OXIBUTININA HCL=OXYBUTYNIN H,1.55,
ACT,A032323114,ACTEIN GRANULES 40MG/GM,ACETYLCYSTEINE,1.58,優良化學製藥股份有限公司
FAM4,AC40206100,FAMOTIDINE 20MG 永信,FAMOTIDINE,1.59,永信藥品工業股份有限公司台中幼
HYO1,AC44317100,"BUWECON TAB. 0.125MG ""YUNG SHIN""  ",HYOSCYAMINE SULFATE,1.59,永信藥品工業股份有限公司台中幼
KETO,AC19983100,KETOPROFEN 50MG,ketoprofen 50mg,1.59,瑞士藥廠股份有限公司新市廠
ULST,AC41352100,"ULSTOP F.C. TAB 20MG ""C.H.",FAMOTIDINE,1.59,正和製藥股份有限公司新營廠
TRA0,AC33664100,"MESYREL TAB 50MG ""LOTUS""",TRAZODONE HYDROCHLORIDE,1.6,美時化
ACT1,A037598116,"ACTEIN GRANULES 66.7MG/GM (ACETYLCYSTEINE) ""S.Y.""",ACETYLCYSTEINE,1.63,健喬信元醫藥生技股份有限公司
GLI3,AB48089100,DIAMIN MR TAB 30MG (GLICLA,GLICLAZIDE,1.65,信東生技股份有限公司
POT2,AC22314100,"RADI-K TABLETS ""BOWLIN"" (POTAS",POTASSIUM GLUCONATE,1.72,寶齡富錦生技股份有限公司平鎮廠
DIG0,BC09554100,LANOXIN DIGOXIN TABLETS 0.25MG B.P.,DIGOXIN,1.75,Aspen Bad Oldesloe GmbH
HYO0,AC47176100,BUSACON TAB 0.125MG,HYOSCYAMINE SULFATE,1.75,健康化學製藥股份有限公司
MOS0,AB47656100,MOSAPRIDE （CITRATE DIHYDRATE,MOSAPRIDE  （CITRATE DIHYDRATE）,1.75,臺灣東洋藥品工業股份有限公司六
MOS1,AC55566100,MOSAPULIN FILM COATED TAB 5MG,MOSAPRIDE  （CITRATE DIHYDRATE）,1.75,永信藥品工業股份有限公司台中幼
ZOL0,AC44605100,管4-ZOLNOX F.C. TABLETS 10MG,ZOLPIDEM HEMITARTRATE,1.76,羅得化學製藥股份有限公司
ZOL1,AB44463100,管4-SEMI-NAX F.C. TAB. 10MG,ZOLPIDEM HEMITARTRATE,1.76,南光化學製藥股份有限公司
ZOL2,AC45752100,管4-SLEEPMAN TABLETS,ZOLPIDEM HEMITARTRATE,1.76,中美兄弟製藥股份有限公司
ERY,AC24789100,ERYMYCIN CAPSULES 250MG,ERYTHROMYCIN (ESTOLATE),1.77,榮民製藥股份有限公司
K5,AC15660100,Keflex 500MG,CEPHALEXIN (MONOHYDRATE),1.78,
BEN7,AC58202100,Zcough Soft Capsules 100mg,BENZONATATE,1.8,
FEX1,AB55954100,"FEXODINE F.C. TAB 60MG""STA",FEXOFENADINE HYDROCHLORIDE,1.8,生達化學製藥股份有限公司二廠
FEX2,BC23016100,ALLEGRA 60MG TAB.,FEXOFENADINE HYDROCHLORIDE,1.8,SANOFI INDIA LIMITED
PEN3,AB41535100,"PENTOP S.R. TAB 400MG ""YU",PENTOXIFYLLINE,1.82,優生製藥廠股份有限公司
IND1,AB41641100,NAKAMIDE  F.C. TABLETS 2.5MG,INDAPAMIDE (HEMIHYDRATE),1.92,南光化學製藥股份有限公司
GLI1,BC22671100,AMARYL 2.0 TABLETS,GLIMEPIRIDE,1.95,SANOFI-AVENTIS S.P.A.
GLI2,BC22671100,AMARYL 2.0 TABLETS,GLIMEPIRIDE,1.95,SANOFI-AVENTIS S.P.A.
GLI7,AC46640100,"GRUMED TAB 2MG ""STANDARD""",GLIMEPIRIDE,1.95,生達化學製藥股份有限公司
ZOP0,AC43460100,管4-GENCLONE F.C.T. 7.5MG,ZOPICLONE,1.98,健亞生物科技股份有限公司
ZOP1,BC24626100,管4-Apo-Zopiclone Tablets 7.5m,ZOPICLONE,1.98,APOTEX INC.
ZOP2,AC46013100,ZOLON FILM COATED TABLETS 7.5M,ZOPICLONE,1.98,信東生技股份有限公司
DOM2,AC39953500,DOMPERID SUPP 10MG (DOMPERIDONE),DOMPERIDONE,10.0,國嘉製藥工業股份有限公司幼獅三
LAN0,BC24273100,TAKEPRON OD 30MG TABLETS,LANSOPRAZOLE,10.0,"TAKEDA PHARMACEUTICAL COMPANY,"
LAN1,AC44261100,"RICH CAP 30MG ""N.K""",LANSOPRAZOLE;;LANSOPRAZOLE,10.0,南光化學製藥股份有限公司
PRO1,BC19918100,RYTMONORM 150MG FILM COATED TA,PROPAFENONE HYDROCHLORIDE,10.0,ABBVIE DEUTSCHLAND GMBH & CO.
PRO2,AC50210100,RHYNORM FILM COATED TAB 150mg,PROPAFENONE HYDROCHLORIDE,10.0,臺灣東洋藥品工業股份有限公司中
PAN,AC57974100,PANTOPRAZOLE SODIUM SESQUIHYDRATE,Pantoprazole 40mg,10.1,中國化學製藥股份有限公司新豐工
PAN0,BC26104100,Pantoprazol Sandoz 40mg,PANTOPRAZOLE SODIUM SESQUIHYDRATE,10.1,
VIL0,BC25481100,GALVUS MET 50/850 FILM-COATED,VILDAGLIPTIN,10.1,NOVARTIS PHARMA PRODUKTIONS GM
LESC,BC23556100,LESCOL XL FILM-COATED TAB 80MG,FLUVASTATIN SODIUM,10.2,NOVARTIS FARMACEUTICA S.A.
PSE2,A036864151,"ACTIN SOLUTION ""CHINTENG""",PSEUDOEPHEDRINE HCL,10.3,井田製藥工業股份有限公司
AZIL,BC25756100,EDARBI TAB 40MG,AZILSARTAN MEDOXOMIL,10.4,"TAKEDA PHARMACEUTICAL COMPANY,"
SOLI,BC24437100,Vesicare film-coated tablets 5,Solifenaci,10.7,ASTELLAS PHARMA EUROPE B.V.
CAD,BC24392100,CADUET 5MG/20MG TABLET,AMLODIPINE BESYLATE (=AMLODIPINE),10.9,Pfizer Manufacturing Deutschla
A2051,A2051C,1歲以下(含)兒童常規疫苗接種處,0,100.0,
A2052,A2052C,低收入戶及中低收入戶之學齡前兒,0,100.0,
A3001,A3001C,75歲以上肺炎鏈球菌疫苗接種處置,0,100.0,
E5201,E5201C,確診居家照護-遠距照護(一般),0,1000.0,
ENT0,AA57322100,ENVIR F.C. TAB 0.5MG(30粒/鋁箔盒裝),ENTECAVIR,104.0,中國化學製藥股份有限公司新豐工
VENI,BC17528138,VENTOLIN INHALER 200D,SALBUTAMOL (=ALBUTEROL),109.0,
EZE0,BC24250100,VYTORIN TAB 10/20 MG,EZETIMIBE,11.0,MSD International GmbH (Singap
MON1,BC22778100,SINGULAIR FILM COATED TABLET 10MG,MONTELUKAST (SODIUM),11.0,
SAL0,BC23357114,COMBIVENT UDV INHALATION SOLUTION,SALBUTAMOL,11.6,LABORATOIRE UNITHER
TELM,BC25446100,TELMISARTAN 80/5 MG,TELMISARTAN,11.6,M/S CIPLA LTD.
SIT1,BC25043100,JANUMET 50/500 MG FILM-COATED,sitagliptin phosphate monohydrate,11.7,"PATHEON PUERTO RICO, INC."
PIT1,AA57372100,PITATOR TABLETS 2MG(28粒/鋁箔),PITAVASTATIN CALCIUM,11.9,友霖生技醫藥股份有限公司
DAR1,KC00954206,NESP Injection Plastic Syringe,DARBEPOETIN ALFA,1109.0,
SIT2,BC25041100,JANUMET 50/850 MG FILM-COATED,sitagliptin phosphate monohydrate,12.0,"PATHEON PUERTO RICO, INC."
DE,AC19915421,Delone eye drop,DEXAMETHASONE PHOSPHATE (SODIUM),12.2,杏輝
MON0,AA47813100,ANXOKAST F.C. TAB 10MG(28/,MONTELUKAST (SODIUM),12.3,歐帕生技醫藥股份有限公司
DEXI,BC25887100,DEXILANT DR CAP 60 MG,DEXLANSOPRAZOLE (TAK-390),12.5,"TAKEDA PHARMACEUTICAL COMPANY,"
TRA,BC25792100,TRAJENTA DUO 2.5/850MG FILM-CO,LINAGLIPTIN,12.5,BOEHRINGER INGELHEIM PHARMA GM
CLO1,AC28562324,"CLOBETASOL OINTMENT 0.5MG/GM """,CLOBETASOL PROPIONATE,12.8,杏輝藥品工業股份有限公司
09004,09004C,Triglyceride (TG),0,120.0,0
CAB0,BC22658100,DOSTINEX TAB 0.5MG,CABERGOLINE,125.0,PFIZER ITALIA S.R.L.
MOM0,AC58777424,MOMENASE AQUEOUS NASAL SPRAY 50MCG/DOSE,MOMETASONE FUROATE MONOHYDRATE MICRONIZED EQ TO MOMETASONE FUROATE ANHYDROUS,126.0,健喬信元醫藥生技股份有限公司健
VIL1,BC26315143,ANORO ELLIPTA 55/22 MCG INHALA,Vilanterol trifenatate (micronised),1271.0,GLAXO OPERATIONS UK LIMITED
LIVA,BC25350100,LIVALO TAB 2MG,PITAVASTATIN CALCIUM,13.1,KOWA COMPANY LTD.
PIT2,BC27002100,LIVALO OD TABLETS 2MG,PITAVASTATIN CALCIUM,13.1,KOWA COMPANY LTD.(MOHKA PLANT)
ROS1,AA57802100,ROTY F.C. TAB 10MG(28粒/鋁,ROSUVASTATIN CALCIUM,13.4,中國化學製藥股份有限公司新豐工
ROS2,AC58291100,ROSUSTIN FILM COATED TAB 10MG,ROSUVASTATIN CALCIUM,13.4,永信藥品工業股份有限公司台中幼
ROS4,BA25798100,Robestar Sandoz Film-coated Ta,ROSUVASTATIN CALCIUM,13.4,"LEK PHARMACEUTICALS D.D., SLOV"
ROSU,BC24131100,CRESTOR 10MG FILM-COATED TABLE,ROSUVASTATIN CALCIUM,13.4,IPR PHARMACEUTICALS INC.
OLM1,AC57410100,OLSAA F.C. TAB 40 MG,OLMESARTAN MEDOXOMIL,13.6,中國化學製藥股份有限公司新豐工
OLM2,BC25005100,OLMETEC FILM COATED TAB 40 MG,OLMESARTAN MEDOXOMIL,13.6,DAIICHI SANKYO EUROPE GMBH
SUL2,AC45960435,SINOMIN OPHTHALMIC SOLUTION,Sulfamethoxazole 40mg/mL,13.9,杏輝藥品工業股份有限公司
BERO,BC23074163,BEROTEC-N 100MCG/PUFF,FENOTEROL HBR,137.0,BOEHRINGER INGELHEIM PHARMA GM
FIL3,KC00711280,FILGRASTIM INJECTION 150 uG/0.6ML,FILGRASTIM,1383.0,
CLI1,AC37134329,B.B. GEL 1% (CLINDAMYCIN),CLINDAMYCIN (PHOSPHATE),14.1,瑞士藥廠股份有限公司新市廠
PRA0,BC23596100,MEVALOTIN PROTECT 40MG TAB,PRAVASTATIN SODIUM,14.1,DAIICHI SANKYO EUROPE GMBH
NYS1,AC21924323,"MY COMB CREAM ""SINPHAR""                                                                             ",NYSTATIN,14.3,
OCAS,BC25413100,HARNALIDGE OCAS 0.4MG,TAMSULOSIN HCL,14.5,ASTELLAS PHARMA EUROPE B.V.
VAL5,BC25419100,EXFORGE H.F C.TAB 5/160/12.5MG,VALSARTAN,14.5,NOVARTIS FARMACEUTICA S.A.
CYA0,NC06650209,CYANOCOBALAMIN INJ 1000M,CYANOCOBALAMIN (=VIT B12),15.0,南光化學製藥股份有限公司
EP,AC00480209,EPINEPHRINE (=ADRENA,EPINEPHRINE (=ADRENALIN=EPIRENAMINE),15.0,中國化
HYD1,AC13583209,HYDROXOCOBALAMIN,HYDROXOCOBALAMIN,15.0,臺裕化學製藥廠股份有限公司
HYD3,A035883329,"HYDROCORTISONE CREAM 10MG/GM ""SINPHAR""",HYDROCORTISONE ACETATE,15.0,
AN,A040164151,"ANTI-PHEN SYRUP 24MG/ML""CENTER""",ACETAMINOPHEN (=PARACETAMOL),15.4,晟德大藥廠股份有限公司新竹廠
EMP0,BC27039100,JARDIANCE DUO 12.5/850MG FILM-,Empagliflozin,15.4,BOEHRINGER INGELHEIM PHARMA GM
PIT0,AC58639100,ZULITOR TABLETS 4MG,PITAVASTATIN CALCIUM,15.6,友霖生技醫藥股份有限公司
14065,14065C,Influenza A Ag,0,150.0,150
14066,14066C,Influenza B Ag,0,150.0,150
CAL4,AC40096162,"ALL-RIGHT CALCIUM SUSPENSION ""STANDARD""",CALCIUM PHOSPHATE TRIBASIC =(CALCIUM PHOSPHATE),152.0,生達化學製藥股份有限公司二廠
TIO0,BC25033161,"SPIRIVA RESPIMAT 2.5MCG, SOLUT",TIOTROPIUM,1564.0,BOEHRINGER INGELHEIM PHARMA GM
DUT0,BC23952100,AVODART SOFT CAPSULES 0.5MG,DUTASTERIDE,16.3,GLAXOSMITHKLINE PHARMACEUTICAL
VAL6,BC25072100,EXFORGE FILM-COATED TAB 5/160,VALSARTAN,16.4,NOVARTIS FARMACEUTICA S.A.
ATO1,BC22890100,LIPITOR FILM-COATED TAB 20MG,ATORVASTATIN (CALCIUM),16.6,PFIZER PHARMACEUTICALS LLC
ATO5,BA25337100,Tulip 20mg Film coated Tablets,ATORVASTATIN CALCIUM ANHYDROUS,16.6,LEK PHARMACEUTICALS D.D
ATO6,AA49226100,ANXOLIGHTOR F.C. TABLETS 20 MG,ATORVASTATIN (CALCIUM),16.6,歐帕生技醫藥股份有限公司
TET2,AC58129421,Tetracycline Hydrochloride Oph,TETRACYCLINE HCL,16.6,人人化學製藥股份有限公司中壢廠
ATO3,BC27283100,ATOZET F.C. TAB 10/20MG,ATORVASTATIN CALCIUM,16.7,MSD INTERNATIONAL GMBH (PUERTO
TRAJ,BC25537100,TRAJENTA 5MG FILM-COATED TABLE,LINAGLIPTIN,16.7,BOEHRINGER INGELHEIM ROXANE IN
OLM6,BC25494100,SEVIKAR HCT 40/5/12.5MG,OLMESARTAN MEDOXOMIL,16.8,DAIICHI SANKYO EUROPE GMBH
SEVI,BC26520100,SEVIKAR 5/40MG FILM COATED TAB,Amlodipine (as besilate)/Olmesartan medoxomil,16.8,DAIICHI SANKYO EUROPE GMBH
BACI,A022990335,B.&N.BACINEOCIN OINTMENT,NEOMYCIN (SULFATE),17.0,西德有機化學藥品股份有限公司
FEB0,BC25427100,FEBURIC 80 MG FILM COATED TABL,Febuxostat,17.4,PATHEON FRANCE
LYR,BC24995100,LYRICA HARD CAP 75MG,PREGABALIN,17.4,Pfizer Manufacturing Deutschla
AZI2,AC58949100,AZICIIN F.C. TABLETS 250MG,AZITHROMYCIN DIHYDRATE,17.5,中國化學製藥股份有限公司新豐工
FIL1,KC00670282,"FILGRASTIM INJ. M300,300M",FILGRASTIM,1745.0,"KYOWA HAKKO KIRIN CO, LTD., TA"
CEV0,AC57883100,EVOXAC (CEVIMELINE HCL) CAP 30MG,Cevimeline HCl,18.1,健亞生物科技股份有限公司
VAL8,BC25421100,Exforge HCT Film Coated Tablets,VALSARTAN,18.6,NOVARTIS FARMACEUTICA S.A.
FLU4,BC23755123,FLIXOTIDE EVOHALER 50MCG,FLUTICASONE PROPIONATE,187.0,GLAXO WELLCOME， S.A.
ALU5,AC450311G0,IWELL TAB EVEREST 50MG,"DIHYDROXYALUMINUM ALLANTOINATE
MAGNESIUM ALUMINOMETASILICATE",2.0,永勝藥品工業股份有限公司
AMB1,AB318961G0,MUSCO TAB 30MG (AMBROXOL HYDROCHLORIDE),AMBROXOL HYDROCHLORIDE,2.0,生達化學製藥股份有限公司
ASP2,AC548631G0,LOPIRIN ENTERIC-COATED TAB 81MG,ASPIRIN,2.0,明德製藥股份有限公司
ATE,AB294781G0,UROSIN FILM COATED TAB 100MG,ATENOLOL,2.0,永信
ATE4,AC437041G0,ATINOL F.C. TAB 50MG,ATENOLOL,2.0,躍欣生技醫藥股份有限公司
B12,AC296301G0,MECOBALAMIN (Vit.B12),MECOBALAMIN,2.0,保瑞國際股份有限公司
BEN1,AC427541G0,EURICON TAB. 50 MG,BENZBROMARONE,2.0,健喬信元醫藥生技股份有限公司健
BEN5,AC376791G0,"BEENRONE TAB 50MG ""YUNG SH",BENZBROMARONE,2.0,永信藥品工業股份有限公司台中幼
BET3,AC372251G0,WECOLI TAB 25MG (BETHANECH,BETHANECHOL CHLORIDE,2.0,應元化學製藥股份有限公司
BIS4,BC256961G0,Dulcolax enteric sugar coated tablet 5mg,BISACODYL,2.0,PT BOEHRINGER INGELHEIM INDONE
BIS6,BC240391G0,CONCOR 1.25(鋁箔/膠箔),BISOPROLOL FUMARATE,2.0,Merck Healthcare KGaA
BOK,AC373441G0,BOKEY ENTERIC-MICROENCAPSULATE,ASPIRIN,2.0,永信藥品工業股份有限公司台中幼
CAL1,AC367941G0,PROCAL TABLETS 667MG (CALCIUM,CALCIUM ACETATE,2.0,培力藥品工業股份有限公司
CAP0,AC322751G0,CEPORIN TAB 25MG,CAPTOPRIL,2.0,信東生技股份有限公司
CAR,AB198751G0,CARDOLOL TAB 40MG (PROPRAN,PROPRANOLOL HCL,2.0,榮民製藥股份有限公司
CET1,AC432131G0,ALLTEC F.C. TAB 10MG(鋁箔,CETIRIZINE DIHYDROCHLORIDE,2.0,瑞士藥廠股份有限公司新市廠
DEX8,AC426871G0,REGROW 60MG SUSTAINED RELEASE F.C. TAB,DEXTROMETHORPHAN (HBR),2.0,台灣東洋藥品工業股份有限公司六
DIP1,AC150781G0,DIPHENIDOL HCL 25mg,DIPHENIDOL HCL,2.0,生達化學製藥股份有限公司
DIP2,AC138011G0,DIPYRIDAMOLE S.C. TAB 25MG,DIPYRIDAMOLE,2.0,生達化學製藥股份有限公司
DIP3,AC195031G0,SINPHADOL S.C. TAB (DIPHEN 25MG,DIPHENIDOL HCL,2.0,杏輝藥品工業股份有限公司
ESPI,AC436641G0,ESPIN E. M.CAP 100MG,ASPIRIN,2.0,永勝藥品工業股份有限公司
FAM,AC437591G0,KIMODIN F.C. TAB 20MG (FAMO,FAMOTIDINE,2.0,健喬信元醫藥生技股份有限公司健
FAM0,AC413521G0,"ULSTOP F.C. TAB 20MG ""C.H.",FAMOTIDINE,2.0,正和製藥股份有限公司新營廠
FAM2,AC577911G0,"FAMOTIDINE F.C. TAB 20MG """,FAMOTIDINE,2.0,中國化學製藥股份有限公司新豐工
FAM3,AC428631G0,FAMO F.C. TAB. 20MG (FAMOTIDIN,FAMOTIDINE,2.0,信東生技股份有限公司
FEX5,AC571471G0,ALLEDINE F.C. 60MG TAB (鋁箔/膠箔),FEXOFENADINE HYDROCHLORIDE,2.0,永信藥品工業股份有限公司台中幼
FLO0,AC059541G0,FLOPROPIONE 40MG,FLOPROPIONE,2.0,衛采製藥股份有限公司
FOL0,AC558881G0,"FOLIC ACID TAB 5MG""Y.Y.""(/",FOLIC ACID,2.0,應元化學製藥股份有限公司
FUR1,BC225351G0,LASIX TAB 40MG(鋁箔/膠箔),FUROSEMIDE,2.0,HANDOK INC.
FURO,AC226411G0,ROSIS TABLETS 40MG (ROSIS),FUROSEMIDE,2.0,榮民製藥股份有限公司
GIN2,AC398631G0,GINCARE FILM COATED TABLETS 9.,GINKGO BILOBA EXTRACT,2.0,永信藥品工業股份有限公司台中幼
GLI,AC417501G0,GLIBUDON F. C. 500 MG,METFORMIN HCL,2.0,中國化學製藥股份有限公司新豐工
GLI4,AC480891G0,DIAMIN MR TAB 30MG (GLICLA,GLICLAZIDE,2.0,信東生技股份有限公司
GLI6,BC235031G0,DIAMICRON MR TAB 30MG(鋁箔,GLICLAZIDE,2.0,LES LABORATOIRES SERVIER INDU
GLIC,BC226711G0,AMARYL 2.0 TABLETS(鋁箔/膠箔),GLIMEPIRIDE,2.0,SANOFI S.R.L.
INDA,BC223871G0,NATRILIX SR FILM-COATED TAB,INDAPAMIDE,2.0,LES LABORATOIRES SERVIER INDU
INDE,BC221431G0,INDERAL TAB 10MG(84粒/瓶),PROPRANOLOL HCL,2.0,CORDEN PHARMA GMBH
ISOR,AC311681G0,ISORMOL TABLET 20MG (ISOSORBID,ISOSORBIDE 5-MONONITRTATE,2.0,臺灣東洋藥品工業股份有限公司中
KET2,AC318941G0,"ASTHAN TABLETS 1MG (KETOTIFEN) ""P.L""(鋁箔/膠箔) ",KETOTIFEN (FUMARATE),2.0,
LEV2,AC481911G0,"THYROID-S TAB 100UG ""JOHNS",LEVOTHYROXINE SODIUM,2.0,強生化學製藥廠股份有限公司
LOP,AC197691G0,LOPERAMIDE CAP 2MG,LOPERAMIDE HCL,2.0,華興化學製藥廠股份有限公司
LOR0,BC187411G0,管4-ATIVAN TAB 0.5MG,LORAZEPAM,2.0,HAUPT PHARMA MUNSTER GMBH
M2,AC306191G0,D.M.P. TAB (DOMPERIDONE),DOMPERIDONE,2.0,寶齡富錦生技股份有限公司平鎮廠
MET0,AC571771G0,GLIBUDON TABLETS 500MG(鋁箔/膠,METFORMIN HCL,2.0,中國化學製藥股份有限公司新豐工
MET3,BC071521G0,GLUCOPHAGE TABLETS(鋁箔/膠箔),METFORMIN HCL,2.0,MERCK SANTE S.A.S
MET4,AC470861G0,ANKOMIN TAB 500MG(鋁箔/膠,METFORMIN HCL,2.0,優良化學製藥股份有限公司
MET7,AB484841G0,"GLUCOMIN X.R. TABLETS 500MG ""P",METFORMIN HCL,2.0,培力藥品工業股份有限公司
MET8,AC589741G0,TENSOMIN TAB 500MG(鋁箔/膠,METFORMIN HCL,2.0,十全實業股份有限公司
MET9,AC481301G0,"C.T.L. XR TAB 500MG ""C.H.""",METFORMIN HCL,2.0,正和製藥股份有限公司新營廠
METB,AC229871G0,METOCLOPRAMIDE (2HCL MONOHYDRATE),METOCLOPRAMIDE 3.84mg,2.0,聯亞生技開發股份有限公司新竹二
METE,AB437061G0,"LODITON F.C. TABLETS 500MG ""STANDARD""            ",METFORMIN HCL,2.0,
METF,AC585341G0,"METFORMIN F.C. TABLETS 500MG """,METFORMIN HCL,2.0,中國化學製藥股份有限公司新豐工
MOPR,AC476561G0,MOPRIDE F.C. TAB 5MG(鋁箔/,MOSAPRIDE  （CITRATE DIHYDRATE）,2.0,臺灣東洋藥品工業股份有限公司六
MORC,AC249641G0,MORCASIN TAB 80MG,Trimethoprim. Sulfamethoxazole,2.0,杏輝藥品工業股份有限公司
NIC0,AC092911G0,EUCLIDAN S.C.TAB 50MG(鋁箔,NICAMETATE CITRATE,2.0,順華藥品工業股份有限公司三峽工
NOS,AC455391G0,"NOSMA SUSTAINED-RELEASE MICROSPHERES CAPSULES 125MG ""WECAM""(鋁箔/膠箔)",THEOPHYLLINE ANHYDROUS,2.0,永勝藥品工業股份有限公司
OXAZ,AB286491G0,管4-SECORIN TAB 10MG,OXAZOLAM,2.0,生達化學製藥股份有限公司二廠
PEN1,AC414881G0,FYLIN RETARD F.C. TABLETS 400M,PENTOXIFYLLINE,2.0,正和製藥股份有限公司新營廠
PEN2,AC415351G0,"PENTOP S.R TAB 400MG""YU SHE",PENTOXIFYLLINE,2.0,優生製藥廠股份有限公司
PENT,AC403991G0,FORFLOW SUSTAINEDRELEASED TAB 400MG,PENTOXIFYLLINE,2.0,美時化學製藥股份有限公司南投廠
PEPG,AC236061G0,PEPTIDIN TAB 2mg,HOMATROPINE METHYLBROMIDE,2.0,生達化學製藥股份有限公司
PIR1,AB289211G0,"PICETAM CAPSULES 400MG ""STANDA",PIRACETAM,2.0,生達化學製藥股份有限公司二廠
POT1,AC217581G0,MEDICON-A CAP 90mg(鋁箔,POTASSIUM CRESOLSULFONATE,2.0,臺灣東洋藥品工業股份有限公司六
POT3,AC217581G0,MEDICON-A CAPSULES(鋁箔/膠箔),POTASSIUM CRESOLSULFONATE,2.0,臺灣東洋藥品工業股份有限公司六
PRO5,AC433351G0,"POLUPI TABLET 50MG ""PANBIOTIC""",PROPYLTHIOURACIL,2.0,
PROP1,AB091021G0,PROPRANOLOL TAB 10MG (鋁箔,Propranolol,2.0,生達化學製藥股份有限公司
PT,AC269841G0,Peace Tab 2.5MG,Pseudoephedrine Sulfate,2.0,永信藥品工業股份有限公司台中幼
SIL1,AC283331G0,LUCKYHEPA CAP 70mg(鋁箔/膠箔),silymarin 70mg,2.0,永信藥品工業股份有限公司台中幼
SOLAX,AC058131G0,SOLAXIN TAB 200mg(鋁箔/膠箔),CHLORZOXAZONE,2.0,衛采製藥股份有限公司
SPI0,BC226101G0,ALDACTONE TAB 25MG(鋁箔/膠,Spironolactone,2.0,PIRAMAL HEALTHCARE UK LIMITED
SPI3,AC415451G0,ALDACTIN TAB 25mg(鋁箔/膠箔),Spironolactone,2.0,安星製藥股份有限公司
STI,BC215311G0,管4-STILNOX F.C. TAB. 10MG,ZOLPIDEM HEMITARTRATE ,2.0,SYNTHE
SUZI,AC295721G0,"SUZIN CAPSULES 5MG ""STANDARD""(",Flunarizine,2.0,生達化學製藥股份有限公司二廠
SWIT,AC395971G0,"SWITANE TABLET 2MG ""SWISS""",TRIHEXYPHENIDYL HCL,2.0,瑞士藥廠股份有限公司新市廠
T1,AC449241G0,Theovent (125),Theophylline Anhydrous,2.0,惠勝
T2,AC446891G0,Theovent (250),Theophylline Anhydrous,2.0,惠勝
TH1,AC449241G0,Theovent (125),THEOPHYLLINE,2.0,惠勝
TH2,AC446891G0,Theovent (250),THEOPHYLLINE (ANHYDROUS),2.0,惠勝
THI0,AC140251G0,KENTAMIN CAP 50mg (鋁箔/膠箔),THIAMINE MONONITRATE,2.0,寶齡富錦生技股份有限公司平鎮廠
THI1,NC049281G0,DailyCare Actibest S.C.Tab 50mg,THIAMINE DISULFIDE,2.0,杏輝藥品工業股份有限公司
THI2,NC040851G0,ALINAMIN-F 50 S.C. TABLETS,THIAMINE TETRAHYDROFURFURYL DISULFIDE,2.0,杏輝藥品工業股份有限公司
TRI1,AC460281G0,FLUITRAN TAB 2MG（鋁箔/膠箔）,TRICHLORMETHIAZIDE,2.0,臺灣東洋藥品工業股份有限公司六
UFOR,AC363491G0,UFORMIN TAB 500MG （鋁箔/,METFORMIN HCL,2.0,十全實業股份有限公司
URS0,AC474441G0,"UROSO TAB 100MG ""JOHNSON""(",URSODEOXYCHOLIC ACID,2.0,強生化學製藥廠股份有限公司
ZOL3,BC215311G0,管4-ZOLPIDEM TARTRATE,ZOLPIDEM TARTRATE,2.0,SANOFI WINTHROP INDUSTRIE
CON1,BC24039100,CONCOR 1.25 MG,BISOPROLOL FUMARATE,2.01,MERCK KGaA
META,AC46733100,GLUCOMET F.C. TABLETS 5/500MG,METFORMIN HCL,2.01,友霖生技醫藥股份有限公司
BEN3,AC41807100,NOGOUT TABLETS 100MG (BENZBROM,BENZBROMARONE,2.05,杏輝藥品工業股份有限公司
BIS2,AB45348100,BISO F.C TAB 5 MG,BISOPROLOL FUMARATE,2.15,健喬信元醫藥生技股份有限公司健
CON,BC17125100,CONCOR 5 MG,BISOPROLOL FUMARATE,2.15,MERCK KGaA
MEL1,BC11315100,DEANXIT FILM COATED TAB 10MG,MELITRACEN (HCL),2.15,H. LUNDBECK A/S
CAL2,AC40864100,U-Ca soft capsule 0.25mcg (CAL,CALCITRIOL (=DIHYDROXYCHOLECALCIFEROL 1-ALPHA， 25-),2.16,杏輝藥品工業股份有限公司
CAR1,AC55961100,CARISOMA TAB 250 MG,CARISOPRODOL,2.17,健亞生物科技股份有限公司
DES0,AC45972100,DENOSIN FILM-COATED TABLETS 5M,DESLORATADINE,2.19,美時化學製藥股份有限公司南投廠
LEV0,AC49833100,LEVOZINE F.C. TAB 5MG,LEVOCETIRIZINE DIHYDROCHLORIDE,2.21,生達化學製藥股份有限公司
NAP0,AC31778100,PROXEN TAB 375MG (NAPROXEN),NAPROXEN,2.31,台灣田邊製藥股份有限公司新竹廠
BET1,AC47232100,NILASEN TAB 24MG,BETAHISTINE 2HCL,2.36,健康化學製藥股份有限公司
ACE8,AC45267100,"""U-CHU"" ACEO CAP RETARD 90MG",ACEMETACIN,2.37,五洲製藥股份有限公司
GLI8,AC54857100,"AMALIN TAB 4MG""C.H.""",GLIMEPIRIDE,2.42,正和製藥股份有限公司新營廠
SUL1,AB43929100,SALAZINE ENTERIC COATED  TAB 50mg,Sulfasalazine,2.45,榮民製藥股份有限公司
MED1,BC12946100,PROVERA 10MG,MEDROXYPROGESTERONE ACETATE,2.47,PFIZER ITALIA S.R.L.
OME,AB45016100,OMEZOL CAP. 20MG  (OMEPRAZOLE),OMEPRAZOLE,2.51,生達化學製藥股份有限公司二廠
NYS,AC18895100,Nystatin,NYSTATIN,2.64,杏輝
SUZ10,AC29575100,SUZIN CAPSULES 10MG (FLUNARIZI,Flunarizine,2.66,生達化學製藥股份有限公司二廠
PIP0,AC42272100,ROWAPRAXIN F.C.10MG (PIPOXOLAN),PIPOXOLAN HC,2.81,健喬信元醫藥生技股份有限公司健
ISO1,AC44597100,COXINE SR TAB 40MG,ISOSORBIDE 5-MONONITRTATE,2.87,健喬信元醫藥生技股份有限公司
GLI5,AB58071100,GLIMET F.C. TAB 2/500MG,GLIMEPIRIDE,2.89,信東生技股份有限公司
SIGM,BC20991100,SIGMART TAB 5MG,Nicorandil,2.89,TOHOKU NIPRO PHARMACEUTICAL C
MELE,AC43632100,"MELETIN CAP 100MG ""S.T.""",MEXILETINE HCL,2.98,信東生技股份有限公司
TRIT,BC23518100,TRITACE 2.5MG,RAMIPRIL,2.98,SANOFI-AVENTIS S.P.A.
08011,08011C,"CBC-I(WBC,RBC,HB,HCT,PLATELET",0,200.0,0
09006,09006C,HbA1c (Hemoglobin A1c),0,200.0,0
09043,09043C,HDL-C (highdensity lipoprotein,0,200.0,0
14033,14033C,Anti HBs,0,200.0,0
E5205,E5205C,確診居家-居家送藥(一般),0,200.0,
CL,A031011157,COLIN SOLUTION 120ML,CHLORPHENIRAMINE MALEATE,21.5,生達化學製藥股份有限公司二廠
DEXM,BC27957229,DEXMEDETOMIDINE HYDROCHLORIDE,DEXMEDETOMIDINE HYDROCHLORIDE,2116.0,EVER PHARMA JENA GmbH
AZI1,BC21830180,ZITHROMAX POWDER FOR ORAL SUSPENSION,Azithromycin 40 mg/mL,216.0,HAUPT PHARMA LATINA S.R.L
ROS3,AC58813100,ROZININ F.C. TABLETS 20MG,ROSUVASTATIN CALCIUM,22.2,瑞士藥廠股份有限公司新市廠
ROS5,BC24129100,CRESTOR 20MG FILM-COATED TABLETS,ROSUVASTATIN CALCIUM,22.2,IPR PHARMACEUTICALS INC.
ALO0,BC26683100,Oseni Tablets 25mg/30mg,Alogliptin,22.8,"Takeda GMBH,Production site Or"
AVAM,BC248774FK,AVAMYS NASAL SPRAY,FLUTICASONE FUROATE,220.0,GLAXO  OPERATIONS U.K.  LIMITE
SIT0,BC24668100,JANUVIA 100 MG F.C. TABLETS,sitagliptin phosphate monohydrate,23.7,MERCK SHARP & DOHME LTD.
HEP2,KC00452221,HEPATITIS B IMMUNE GLOBULIN,HEPATITIS B IMMUNE GLOBULIN,23782.0,Grifols Therapeutics Inc.
METD,A040833157,SECORINE SYRUP,"dl-Methylphedrine      1mg
Chlorpheniramine     0.1mg
Glyceryl guaiacolate   5mg",24.3,晟德大藥廠股份有限公司新竹廠
AMB0,AC43160151,SOLTAN LIQUID 3MG/ML,AMBROXOL HYDROCHLORIDE,25.0,晟德大藥廠股份有限公司新竹廠
ANTI,AC26123151,ANTICA SYRUP 60ML,METAPROTERENOL SULFATE(=ORCIPRENALINE SULFATE),25.0,瑞士藥廠股份有限公司新市廠
IBUP,AC43152151,IBUPROFEN ORAL SUSP.20MG/ML,IBUPROFEN,25.0,晟德大藥廠股份有限公司新竹廠
LAC2,AA47792151,"LACTULOSE LIQUID (60ML/塑膠瓶裝) ""SHUN HWA"" ",LACTULOSE,25.0,順華藥品工業股份有限公司三峽工
METG,AC26123157,ANTICA SYRUP 120ML,METAPROTERENOL SULFATE(=ORCIPRENALINE SULFATE),25.0,瑞士藥廠股份有限公司新市廠
MIR,AC48934151,BUTAMIRATE CITRATE,BUTAMIRATE CITRATE,25.0,晟德大藥廠股份有限公司新竹廠
PEAC,AC27144151,"PEACE SYRUP ""YUNG SHIN""",PSEUDOEPHEDRINE HCL,25.0,永信藥品工業股份有限公司台中幼
PSE3,AC46676151,"TONBE ORAL 60ML SOLUTION  ""CENTER"" ",PSEUDOEPHEDRINE HCL,25.0,晟德大藥廠股份有限公司新竹廠
SH,AC43588151,CYPROHEPTADINE HCL,CYPROHEPTADINE HCL,25.0,寶齡富錦生技股份有限公司平鎮廠
SUT,AC43362151,SUTUSSI LIQUID 0.8 MG/ML,BUTAMIRATE CITRATE,25.0,晟德大藥廠股份有限公司新竹廠
STR,AC43189151,STROLIN LIQUID 0.5MG/ML,FENOTEROL HYDROBROMIDE,25.2,晟德大藥廠股份有限公司新竹廠
DOM1,AB46242151,WEMPTY SUSPENSION 1MG/ML,Domperidone 1.0 mg,25.6,晟德大藥廠股份有限公司新竹廠
GLY1,AC59036157,GLYCYRRHIZA EXTRACT,Glycyrrhiza Fluid Extract ,25.7,晟德大藥廠股份有限公司新竹廠
MOM1,AC45667321,Elisone cream 5GM,MOMETASONE FUROATE,25.8,
MOM2,AC47692326,Momesone Cream 0.1% W/W,MOMETASONE FUROATE,25.8,
09044,09044C,LDL-C (Lowdensity lipoprotein,0,250.0,0
14051,14051C,HCV Ab( EIA/LIA),0,250.0,0
IPR0,BC23473129,BERODUAL N METERED AEROSOL,IPRATROPIUM BROMIDE,252.0,
HEP0,KC00452206,HEPATITIS B IMMUNE GLOBULIN,HEPATITIS B IMMUNE GLOBULIN,2690.0,Grifols Therapeutics Inc.
BET5,N010577321,RINDERON-V CREAM 0.06%  5;GM,BETAMETHASONE (VALERATE) 5;GM,27.1,
HEP3,A023231329,"CIVIDOID GEL ""SINPHAR"" (HEPARINOID)   ",HEPARINOID (=SODIUM POLYANHYDROMANNURONIC ACID SULFATE),27.2,
EPL0,BC24306100,INSPRA F.C. TAB 50MG,EPLERENONE,27.6,PFIZER PHARMACEUTICALS LLC (CA
DUT1,BC25423100,Duodart 0.5mg Capsules,DUTASTERIDE,27.7,
CAN4,BC26950100,CANAGLU TAB 100MG,CANAGLIFLOZIN HYDRATE,27.9,"SAWAI PHARMACEUTICAL CO. LTD.,"
12111,12111C,Microalbumin (Nephelometry),0,275.0,0
CET4,AC44023151,CETIRIZINE DIHYDROCHLORIDE,CETIRIZINE DIHYDROCHLORIDE,28.1,晟德大藥廠股份有限公司新竹廠
DAP2,BC26476100,FORXIGA FILM-COATED TABLETS 10,DAPAGLIFLOZIN,28.1,ASTRAZENECA PHARMACEUTICALS LP
IND3,A032325338,"METHACIN GEL 10 MG/G ""PURZER""",INDOMETHACIN,28.2,瑞安大藥廠股份有限公司觀音廠
DIC5,A039349345,VOREN-G GEL,DICLOFENAC SODIUM,28.8,永信藥品工業股份有限公司台中幼
09009,09009C,T3 Uptake Ratio,0,280.0,0
09010,09010C,T4,0,280.0,0
EMP1,BC26405100,JARDIANCE 25MG FILM-COATED TAB,Empagliflozin,29.3,BOEHRINGER INGELHEIM PHARMA GM
API0,BC26133100,Eliquis Film-Coated Tablet 5mg,Apixaban,29.6,WYETH MEDICA IRELAND
API1,BC26124100,Eliquis Film-Coated Tablet 2.5mg,Apixaban,29.6,WYETH MEDICA IRELAND
PSEU,AC57121100,LORAPSEUDO SR F.C. TAB 5/120,Pseudoephedrine Sulfate,3.01,中國化學製藥股份有限公司新豐工
ISO2,AC49514100,"IBIMO C.R.F.C. TAB 60 MG""S",ISOSORBIDE 5-MONONITRTATE,3.05,十全實業股份有限公司
GLI9,BA24876100,AMARYL M FILM-COATED TAB 2MG,GLIMEPIRIDE,3.09,HANDOK INC.
GLIA,BA24876100,AMARYL M FILM-COATED TAB 2MG,GLIMEPIRIDE,3.09,HANDOK INC.
ACED,NC07548100,ACETAZOLAMIDE TAB 250MG N.Y.,ACETAZOLAMIDE,3.13,人人化學製藥股份有限公司中壢廠
CAR2,BC20452100,DILATREND TAB 25MG,CARVEDILOL,3.19,DELPHARM MILANO S.R.L.
CAR3,AC29037100,RELAX CAP 40MG,CARISOPRODOL,3.21,回春堂製藥廠股份有限公司
TON,AC29090100,TONFUL TAB 175MG,CARISOPRODOL,3.21,永信藥品工業股份有限公司台中幼
XYS,A022200500,Xylmol Supp (喜癒庤),LIDOCAINE,3.24,
ALG0,A031800100,ALGITAB CHEWABLE TABLETS,ALGINIC ACID,3.29,臺灣東洋藥品工業股份有限公司六
BEN4,AC56633100,CONIEL F.C. TAB 4MG,BENIDIPINE HYDROCHLORIDE,3.31,健喬信元醫藥生技股份有限公司健
CEF2,AB36082100,CERO CAPSULES 250MG (CAFACLOR),CEFACLOR (MONOHYDRATE),3.35,信東生技股份有限公司觀音廠
MIG0,AB51714100,"MIGBOSE F.C. TAB 50MG ""STANDAED"" (MIGLITOL",MIGLITOL,3.39,生達化學製藥股份有限公司
TIC0,AB31596100,LICODIN F.C. TAB 100MG (TIC,TICLOPIDINE HCL,3.53,臺灣東洋藥品工業股份有限公司中
FEL0,AC43931100,FELOPINE E.R. F.C. TAB 10MG,FELODIPINE,3.58,十全實業股份有限公司
WAR0,AC43862100,"COFARIN TAB 1MG ""GENTLE""",WARFARIN SODIUM,3.6,政德製藥股份有限公司
MIDO,BC17577100,管4-DORMICUM FILM-COATED TABL,MIDAZOLAM,3.72,"PRODUCTOS ROCHE, S.A. DE C.V"
FOX,AC44572100,FOXATE F.C TAB 200MG,flavoxate hcl 200mg,3.74,健喬信元醫藥生技股份有限公司健
AML1,AA42704100,NOBAR TAB 5MG (AMLODIPINE,AMLODIPINE (BESYLATE),3.84,健喬信元醫藥生技股份有限公司健
AML4,AC45187100,YAWAHO TAB 5MG,AMLODIPINE (BESYLATE),3.84,井田國際醫藥廠股份有限公司
NOR,BC21571100,NORVASC TAB 5MG,AMLODIPINE (BESYLATE),3.84,PFIZER AUSTRALIA PTY LIMITED
FEN0,AC42619100,FENOLIP MICRONISED CAP 20,FENOFIBRATE,3.92,正和製藥股份有限公司新營廠
LIPA,BC23770100,LIPANTHYL SUPRA 160MG FILM-COA,FENOFIBRATE,3.92,RECIPHARM FONTAINE
ANT1,AC48389429,"Alminto Eye Drops ""Kingdom""                                                                         ",ANTAZOLINE PHOSPHATE,31.3,
CLO0,BC25114100,Clopidogrel Sandoz 75 mg Film-,CLOPIDOGREL,32.1,SANDOZ PRIVATE LIMITED
CLO2,BC25326100,COPLAVIX FILM COATED TABLETS 75MG/100MG,CLOPIDOGREL,32.1,SANOFI WINTHROP INDUSTRIE
PLAV,BC22932100,PLAVIX FILM-COATED TABLETS 75M,CLOPIDOGREL,32.1,SANOFI WINTHROP INDUSTRIE
FUS0,AC48088321,FUSIDIC ACID CREAM,Fusidic Acid 20mg,32.2,寶齡富錦生技股份有限公司平鎮廠
ZIN1,A020215357,SINBABY BABY LOTION 120GM,"ZINC OXIDE
DIPHENHYDRAMINE
DIBUCAINE HCL",33.7,杏輝藥品工業股份有限公司
DAP1,BC27467100,QTERN 5MG/10MG FILM-COATED TAB,DAPAGLIFLOZIN,34.3,ASTRAZENECA PHARMACEUTICALS LP
DEX5,AC43681421,"""SMILE ORABASE 1MG/G """"WINSTON""""""",DEXAMETHASONE,35.6,溫士頓醫藥股份有限公司
MIR1,BC26216100,BETMIGA PROLONGED-RELEASE,Mirabegron,36.0,"ASTELLAS PHARMA TECHNOLOGIES,"
MIR2,BC26217100,BETMIGA PROLONGED-RELEASE TABL,Mirabegron,36.0,"ASTELLAS PHARMA TECHNOLOGIES,"
KET3,AC60876421,Kedifen Eye Drops 0.025%,KETOTIFEN: 5ml,36.9,麥迪森醫藥股份有限公司桃園廠
DES1,BC25021100,MINIRIN MELT 60 UG,DESMOPRESSIN ACETATE (TRIHYDRATE),37.9,CATALENT U.K. SWINDON ZYDIS LT
DES2,BC20826100,MINIRIN TAB 0.1MG,DESMOPRESSIN ACETATE (TRIHYDRATE),37.9,FERRING INTERNATIONAL CENTER S
LET0,BC22462100,FEMARA FILM-COATED TABLETS 2.5,LETROZOLE,38.7,NOVARTIS PHARMA STEIN AG
MOBIC,BC25747100,MOBIC (R) TABLETS 15MG,MELOXICAM,4.07,BOEHRINGER INGELHEIM ELLAS A.E
COZA,BC21914100,COZAAR F.C.TAB. 50MG,LOSARTAN POTASSIUM,4.11,MERCK SHARP & DOHME LTD.
HYZA,BC22989100,HYZAAR F.C TAB. 50/12.5MG,LOSARTAN POTASSIUM,4.11,MERCK SHARP & DOHME LTD.
BROM,AC39239100,BROEN-C ENTERIC TAB,BROMELAIN,4.14,南光化學製藥股份有限公司
NEB0,BC26700100,NEBILET 5 MG,NEBIVOLOL,4.41,Menarini-Von Heyden GmbH
CEC,AC58998100,"CECOLEX CAP 200MG ""C.H.""",CELECOXIB,4.5,正和製藥股份有限公司新營廠
CEL0,BC23177100,CELECOXIB CAP 200MG,CELECOXIB,4.5,PFIZER PHARMACEUTICALS LLC
CIP0,AC38528100,"CIFLODAL F.C.TAB 500MG (CIPROFLOXACIN) ""C.C.P.C.""",CIPROFLOXACIN,4.56,中國化學製藥股份有限公司新豐工
FEX0,BC23010100,ALLEGRA TAB 180MG,FEXOFENADINE HYDROCHLORIDE,4.6,SANOFI INDIA LIMITED
JFS,AC56789100,"JFS FCT ""ROOT"" 180MG",FEXOFENADINE HYDROCHLORIDE,4.6,羅得化學製藥股份有限公司
MADO1,BC17077100,"MADOPAR HBS ""ROCHE"" CAP 125MG",LEVODOPA,4.76,ROCHE S.P.A.
TAM2,BC22154100,NOLVADEX TAB 10MG,Tamoxifen,4.77,ASTRAZENECA UK LIMITED
AMI0,BC14822100,CORDARONE TAB 200MG,AMIODARONE HCL,4.86,GLAXO WELLCOME PRODUCTION
TAM4,AB57206100,"Tamsulosin S.R. Capsules 0.2mg ""CYH""                                                                ",TAMSULOSIN HCL,4.93,中國化學製藥股份有限公司新豐工
NITRO,BC20802100,NITROSTAT 0.6MG,NITROGLYCERIN,4.97,PFIZER PHARMACEUTICALS LLC
09002,09002C,"BUN, blood urea nitrogen",0,40.0,0
09013,09013C,Uric acid,0,40.0,0
09014,09014C,Creatin,0,40.0,0
09016,09016C,Creatinine (U) CRTN,0,40.0,0
09038,09038C,Albumin,0,40.0,0
09039,09039C,Globubin,0,40.0,0
09040,09040C,Total protein,0,40.0,0
E5206,E5206C,確診居家-居家送藥(原住民及離島),0,400.0,
ACY1,BC26302321,AXCEL ACYCLOVIR CREAM 50MG,Acyclovir 50mg,41.1,KOTRA PHARMA(M) SDN.BHD
DAB0,BC25459100,PRADAXA CAPSULES 110 MG,Dabigatran etexilate 110 /150 mg / cap,41.7,BOEHRINGER INGELHEIM PHARMA GM
ZIN2,A0142383AN,"ZINC OXIDE OINTMENT ""WST""",ZINC OXIDE 200.000 MG/GM 。28.4 GM,41.8,
METH,BC23999100,管3-CONCERTA EXTENDED RELEASE,METHYLPHENIDATE HCL,42.7,JANSSEN CILAG MANUFACTURING LL
SUL3,AC26128348,SULFASIL CREAM 1% (SILVER SULFADIAZINE),SULFADIAZINE SILVER,43.7,榮民製藥股份有限公司
BET7,AC58209329,High-Xylmol Ointment,BETAMETHASONE VALERATE,47.3,杏輝藥品工業股份有限公司
DRO0,BC25224100,MULTAQ 400MG FILM-COATED TABLE,DRONEDARONE HYDROCHLORIDE,48.3,SANOFI WINTHROP INDUSTRIE
TRI3,AC58318421,ODICON EARDROPS,"NYSTATIN
NEOMYCIN SULFATE
GRAMICIDIN
TRIAMCINOLONE ACETONIDE",49.3,壽元化學工業股份有限公司
HEP1,KC00452209,HEPATITIS B IMMUNE GLOBULIN,HEPATITIS B IMMUNE GLOBULIN,4941.0,Grifols Therapeutics Inc.
BIS1,AC09250500,BISACODYL Supp.10MG,BISACODYL,5.0,永信藥品工業股份有限公司台中幼
NIF0,AC57219100,NIFEDIPINE S.R.F.C. TAB 30 MG,NIFEDIPINE,5.1,中國化學製藥股份有限公司新豐工
ACE2T,AB45993100,ACTEIN EFFERVESCENT TAB 600MG,ACETYLCYSTEINE,5.4,健喬信元醫藥生技股份有限公司健
IRB1,BC22551100,APROVEL 150MG FILM-COATED TAB,IRBESARTAN,5.4,SANOFI WINTHROP INDUSTRIE
IRBE,BC23266100,COAPROVEL 150MG/12.5MG FILM-CO,IRBESARTAN,5.4,SANOFI WINTHROP INDUSTRIE
LER0,BC23293100,ZANIDIP F.C TAB. 10MG,LERCANIDIPINE,5.5,RECORDATI SPA
TAM1,BC24403100,Harnalidge D tab 0.2mg,Tamsulosin hydrochloride,5.6,"ASTELLAS PHARMA TECH CO., LTD."
TAM3,AC58548100,TAMLOSIN D TAB 0.2MG,TAMSULOSIN HCL,5.6,生達化學製藥股份有限公司二廠
VIR4,AC39315100,ACYCLOVIR TAB 400MG,ACYCLOVIR,5.6,中國化學製藥股份有限公司新豐工
SIL2,AC58838100,URIEF F.C.TAB 4 MG,Silodosin,5.7,健喬信元醫藥生技股份有限公司健
SIL3,AC55118100,URIEF CAP 4 MG,Silodosin,5.7,健喬信元醫藥生技股份有限公司健
ALFU,BC22917100,ALFUZOSIN (HCL) 10MG,ALFUZOSIN (HCL),5.8,SANOFI WINTHROP INDUSTRIE
HYZ,BC24643100,HYZAAR FC TAB 100/12.5 MG,LOSARTAN POTASSIUM,5.8,MERCK SHARP & DOHME LIMITED
AMO1,AC42660100,ANBICYN F.C.TABLETS 625MG,AMOXYCILLIN (TRIHYDRATE),5.9,
IND2,BC25046100,ACERTIL PLUS 5 MG/1.25 MG,INDAPAMIDE,5.9,LES LABORATOIRES SERVIER INDUS
MIN,AC39600100,"MINO CAP 100MG ""CHINTENG""",MINOCYCLINE (HCL),5.9,
09005,09005C,Glucose,0,50.0,0
09025,09025C,S-GOT/AST,0,50.0,0
09026,09026C,S-GPT/ALT,0,50.0,0
FLU3,AC43898100,FLU-D CAP 150MG,FLUCONAZOLE,50.0,永信藥品工業股份有限公司台中幼
LID0,BC20932221,XYLOCAINE 2% FOR INTRAVENOUS I,LIDOCAINE HCL,50.0,CENEXI
E5202,E5202C,確診居家照護-遠距照護(高風險),0,500.0,
E5203,E5203C,確診居家照護-遠距照護(抗病毒),0,500.0,
E5204,E5204C,確診居家-遠距診療,0,500.0,
E5208,E5208C,Paxlovid口服抗病毒藥物門診,0,500.0,
RIS2,BC22094143,RISPERDAL ORAL SOLUTION 1MG/ML,RISPERIDONE,548.0,JANSSEN PHARMACEUTICA N.V.
DON0,BC26876100,DONEPEZIL MYLAN 5MG,DONEPEZIL HCL,55.0,MYLAN LABORATORIES LIMITED
ARIC,AC46989100,ARICEPT F.C. TAB 10MG,DONEPEZIL HCL,57.0,衛采製藥股份有限公司
RIV0,BC25129100,Xarelto film-coated tab 10mg,RIVAROXABAN,58.0,BAYER AG
XARE,BC25648100,Xarelto Film-coated Tablets 15,RIVAROXABAN,58.0,BAYER AG
SAC0,BC26672100,ENTRESTO 100mg film-coated tab,SACUBITRIL/VALSARTAN AS SACUBITRIL VALSARTAN SODIUM SALT COMPLEX,59.0,NOVARTIS FARMA S.P.A.
FLU5,BC23480127,SERETIDE 50 EVOHALER,FLUTICASONE PROPIONATE,598.0,GLAXO WELLCOME， S.A.
DIO1,BC23349116,"SMECTA, POWDER FOR ORAL SUSPENSION                                                                  ",DIOCTAHEDRAL SMECTITE (=DIOSMECTITE),6.0,
DIOV,BC23373100,DIOVAN FILM-COATED TAB. 80MG,VALSARTAN,6.0,NOVARTIS FARMACEUTICA S.A.
OXY0,AC49153100,OXBU EXTENDED-RELEASE TABLETS,OXYBUTYNIN CHLORIDE (=OXIBUTININA HCL=OXYBUTYNIN H,6.0,健亞生物科技股份有限公司
PIR0,AC48727113,SYNTAM GRANULES FOR ORAL SOLUT,PIRACETAM,6.0,躍欣生技醫藥股份有限公司
VAL1,BC23109100,CO-DIOVAN 80/12.5 FILN COATED,VALSARTAN,6.0,NOVARTIS FARMA S.P.A.
ACER,BC24725100,ACERTIL FILM-COATED TAB 5MG,PERINDOPRIL ARGININE,6.1,LES LABORATOIRES SERVIER INDU
ESO1,BC23221100,NEXIUM TAB. 40MG,esomeprazole,6.1,ASTRAZENECA AB
BETA,BC20174100,BETALOC ZOK 100MG TABLETS,METOPROLOL,6.2,ASTRAZENECA AB
MADO,BC09796100,MADOPAR 250 TAB.,LEVODOPA,6.3,ROCHE S.P.A.
RAC0,BC26651109,HIDRASEC INFANTS 10MG GRANULES FOR ORAL SUSPENSION,Racecadotril,6.3,
IMI0,AC43951100,TANATRIL TAB. 10MG,IMIDAPRIL HYDROCHLORIDE,6.5,台灣田邊製藥股份有限公司新竹廠
VAL9,AC59409100,ESTENGY F.C. TAB 5/80MG,VALSARTAN,6.6,中國化學製藥股份有限公司新豐工
CAN2,BC23128100,BLOPRESS TAB. 8MG,CANDESARTAN CILEXETIL,6.9,"TAKEDA PHARMACEUTICAL COMPANY,"
PIO0,BC23207100,ACTOS TABLETS 15MG,PIOGLITAZONE,6.9,
TEL1,BC23654100,MICARDIS PLUS TAB 40/12.5MG,TELMISARTAN,6.9,BOEHRINGER INGELHEIM ELLAS A.E
TEL2,BC23162100,MICARDIS TAB 40MG,TELMISARTAN,6.9,BOEHRINGER INGELHEIM ELLAS A.E
RIV1,BC252343FA,RIVASTIGMINE,Rivastigmine,62.0,LTS LOHMANN THERAPIE-SYSTEME A
ERT0,BC23749209,INVANZ 1G INJECTION,ERTAPENEM SODIUM,651.0,LABORATOIRES MERCK SHARP & DOH
TOX,J000089209,Toxoid inj.,TETANUS TOXOID,66.0,
LEN2,KC00757255,GRANOCYTE 100MG,LENOGRASTIM(GENETICAL RECOMBINATION),678.0,UKINA PLANT OF CHUGAI PHARMA M
DIOV2,BC23374100,DIOVAN FILM-COATED TAB 160 MG,VALSARTAN,7.3,NOVARTIS FARMACEUTICA S.A.
EPI,AC56712100,EPINE F.C. TAB 25MG,QUETIAPINE (AS FUMARATE),7.3,明德製藥股份有限公司
OLM0,BC24497100,OLMETEC FILM COATED TAB 20 MG,OLMESARTAN MEDOXOMIL,7.3,DAIICHI SANKYO EUROPE GMBH
OLM4,AB57234100,OLSAA F.C. TAB 20MG,OLMESARTAN MEDOXOMIL,7.3,中國化學製藥股份有限公司新豐工
VAL7,BC23220100,CO-DIOVAN 160/12.5 FILM COATED,VALSARTAN,7.3,NOVARTIS FARMA S.P.A.
RIS1,BC22768100,RISPERDAL Film Coated TAB 2mg,Risperidone,7.7,JANSSEN-CILAG S.P.A
AMY0,AC46067100,PROTASE ENTERIC COATED CAPSULE,AMYLASE,7.8,永信藥品工業股份有限公司台中幼
ROS6,BA25797100,Robestar Sandoz 5mg Film-coated Tab,ROSUVASTATIN CALCIUM,7.9,LEK PHARMACEUTICALS D.D
09001,09001C,"Cholestero1, total",0,70.0,0
BEC0,BC250921FL,FOSTER,BECLOMETHASONE DIPROPIONATE,708.0,CHIESI FARMACEUTICI S.P.A.
06012C,06012C,General urine examination,0,75.0,0
EZE1,BC24058100,EZETROL TAB 10MG,EZETIMIBE,8.2,MSD INTERNATIONAL GMBH (PUERTO
LIN,AC57216100,LINICOR F.C.T. 500/20MG,NIACIN (=NICOTINIC ACID),8.3,健亞生物科技股份有限公司
CAN1,A025136321,Mycosten  Cream 10mg/gm,CLOTRIMAZOLE,8.4,杏輝
TEL3,AC60201100,CO-MIDIS TABLETS 80/5MG,TELMISARTAN,8.4,
VAL2,BC25913100,DAFIRO 5/80MG FILM-COATED TABL,VALSARTAN,8.4,NOVARTIS FARMACEUTICA S.A.
MET6,BC24839100,ACTOSMET 15/850MG FILM COATED,METFORMIN HCL,8.7,"TAKEDA PHARMACEUTICAL COMPANY,"
PARI,BC22782100,PARIET ENTERIC-COATED TAB 20MG,RABEPRAZOLE SODIUM,8.7,EISAI CO. LTD. MISATO PLANT
14030,14030C,HBsAg-Latex,0,80.0,0
LAC1,AB39701166,"LACTUL SYRUP 666MG/ML (LACTULOSE) ""SINPHAR""",LACTULOSE,87.0,
SER0,AB43847335,ZALAIN CREAM 2%,Sertaconazole nitrate,89.0,歐帕生技醫藥股份有限公司
DUL0,KC00978206,TRULICITY INJECTION 1.5MG/0.5M,Dulaglutide,897.0,ELI LILLY AND COMPANY
ATO0,BC22886100,LIPITOR FILM-COATED TAB 10MG,ATORVASTATIN (CALCIUM),9.0,PFIZER PHARMACEUTICALS LLC
ATO4,BA25200100,Tulip 10mg Film coated Tablets,ATORVASTATIN CALCIUM ANHYDROUS,9.0,LEK PHARMACEUTICALS D.D
CB5,N004550321,"C.B. OINTMENT ""STRONG""",CHLORPHENIRAMINE MALEATE,9.0,中國化學製藥股份有限公司新豐工
PRAM,AC58034100,PEXO TABLETS 0.25MG,PRAMIPEXOLE DIHYDROCHLORIDE MONOHYDRATE,9.0,五洲製藥股份有限公司
APRO,BC22843100,APROVEL 300MG FILM-COATED TABL,IRBESARTAN,9.1,SANOFI WINTHROP INDUSTRIE
IRB2,BC23267100,COAPROVEL 300MG/12.5MG FILM-CO,IRBESARTAN,9.1,SANOFI WINTHROP INDUSTRIE
SING,BC23398100,SINGULAIR CHEWABLE TAB.4MG,MONTELUKAST (SODIUM),9.1,MERCK SHARP & DOHME LTD.
MON2,BC22779100,SINGULAIR CHEWABLE TABLET 5MG,MONTELUKAST (SODIUM),9.3,MERCK SHARP ＆ DOHME LTD.
DOX4,BC23711100,DOXABEN XL TAB 4MG,DOXAZOSIN (METHANESULFONATE),9.4,PFIZER PHARMACEUTICALS LLC
PER1,BC26653100,COVERAM 5MG / 5MG,PERINDOPRIL ARGININE,9.4,SERVIER (IRELAND) INDUSTRIES L
DIL2,BC22997100,PROGOR CAPSULE 180MG,DILTIAZEM (HCL),9.5,SMB TECHNOLOGY S.A
ACTO,BC23206100,ACTOS TABLETS 30MG,PIOGLITAZONE,9.6,
AMTR,AB46742100,AMTREL TAB 10MG,BENAZEPRIL HYDROCHLORIDE,9.6,臺灣東洋藥品工業股份有限公司六
ANX,AC48057100,Anxotos Tab 30mg,PIOGLITAZONE,9.6,羅得化學製藥股份有限公司
AZA0,BC09147100,IMURAN AZATHIOPRINE TAB 50MG,AZATHIOPRINE,9.6,EXCELLA GMBH
OLM3,BC25492100,SEVIKAR HCT 20/5/12.5MG,OLMESARTAN MEDOXOMIL,9.6,DAIICHI SANKYO EUROPE GMBH
OLM5,BC24929100,SEVIKAR 5/20MG FILM COATED TAB,OLMESARTAN MEDOXOMIL,9.6,DAIICHI SANKYO EUROPE GMBH
ROTY,AA57843100,ROTY F.C. TABLETS 5MG(28粒/鋁,ROSUVASTATIN CALCIUM,9.6,中國化學製藥股份有限公司新豐工
ROTY1,AA57843100,ROTY F.C. TABLETS 5MG,ROSUVASTATIN CALCIUM,9.6,中國化學製藥股份有限公司新豐工
VAL4,BC24824100,EXFORGE FILM-COATED TAB 5/80MG,VALSARTAN,9.6,NOVARTIS FARMACEUTICA S.A.
ESC0,AA49629100,LEEYO F.C. TAB 10 MG(28粒/,ESCITALOPRAM (AS OXALATE),9.7,中國化學製藥股份有限公司新豐工
BUD1,BC266571E7,SYMBICORT RAPIHALER 160/4.5UG/,BUDESONIDE,969.0,ASTRAZENECA DUNKERQUE PRODUCTI
BUDE,BC232651E7,SYMBICORT TURBUHALER 160/4.5UG,BUDESONIDE,969.0,ASTRAZENECA AB
BET4,AB31086329,SEPTON SOL (BETAMETHASONE DIPR,BETAMETHASONE DIPROPIONATE,97.0,杏輝藥品工業股份有限公司